date,type,team1,team2,player,amount
2026-04-02,purchased,La rataneta,JMjugon,Sow,7000000
2026-04-02,purchased,cristian.ayala12,LALIGA,Sorloth,15856606
2026-04-02,sold,-papi—,LALIGA,A. Batalla,5372461
2026-04-02,sold,-papi—,LALIGA,Ivan Martin,2092885
2026-04-02,sold,Ramonaco FC,LALIGA,Carvajal,2498436
2026-04-02,sold,Ramonaco FC,LALIGA,Muriqi,59291346
2026-04-01,purchased,LamineTheTuareg,LILTEAM,Urko,2500001
2026-04-01,sold,PlatanosVerdes,LALIGA,R.P. Bigas,1051585
2026-04-01,purchased,tete alejo,JMjugon,R. Araujo,4500000
2026-04-01,purchased,tete alejo,cristian.ayala12,Fran Garcia,4000000
2026-04-01,purchased,Millou912,LALIGA,Vargas,20000001
2026-04-01,purchased,PlatanosVerdes,LALIGA,Darder,12668737
2026-03-31,purchased,-papi—,PavelmacuFC,Witsel,9646455
2026-03-31,purchased,Millou912,LALIGA,T. Morente,800740
2026-03-31,purchased,Millou912,LALIGA,F. Calero,1253339
2026-03-31,purchased,Millou912,LALIGA,Rego,723785
2026-03-31,sold,PlatanosVerdes,LALIGA,R. Terrats,746024
2026-03-31,sold,Ramonaco FC,LALIGA,El Hilali,905072
2026-03-30,purchased,La rataneta,LALIGA,Mario Martin,729397
2026-03-30,purchased,La rataneta,LALIGA,Almeida,737661
2026-03-30,purchased,La rataneta,LALIGA,Yuri,14397913
2026-03-29,purchased,cristian.ayala12,LALIGA,Guedes,92110000
2026-03-29,purchased,Millou912,LALIGA,Ugrinic,740727
2026-03-29,sold,cristian.ayala12,LALIGA,Tchouaméni,97629095
2026-03-28,purchased,Ramonaco FC,LALIGA,Huijsen,66666668
2026-03-28,purchased,cristian.ayala12,LALIGA,Turrientes,1330000
2026-03-28,purchased,cristian.ayala12,LALIGA,Ruggeri,7770000
2026-03-28,sold,JMjugon,LALIGA,S. Cazorla,753651
2026-03-28,sold,JMjugon,LALIGA,Denis Suarez,695918
2026-03-27,purchased,PlatanosVerdes,Millou912,Rioja,25000000
2026-03-27,purchased,cristian.ayala12,PlatanosVerdes,Alvaro Garcia,17000000
2026-03-27,sold,PavelmacuFC,LALIGA,Odriozola,760947
2026-03-27,purchased,tete alejo,La rataneta,Brahim,6276238
2026-03-27,purchased,La rataneta,tete alejo,Ratiu,57821529
2026-03-27,purchased,PavelmacuFC,LALIGA,Griezmann,12000060
2026-03-27,purchased,PlatanosVerdes,LALIGA,Abel Bretones,726571
2026-03-27,purchased,PlatanosVerdes,LALIGA,Bakambu,733371
2026-03-27,purchased,Ramonaco FC,LALIGA,Sadiq,1111111
2026-03-27,purchased,Ramonaco FC,cristian.ayala12,G. Rodriguez,5555000
2026-03-27,sold,Ramonaco FC,LALIGA,Lewandowski,44806471
2026-03-26,purchased,cristian.ayala12,La rataneta,Pepe,71205392
2026-03-26,purchased,La rataneta,cristian.ayala12,Barrenetxea,26331577
2026-03-26,purchased,-papi—,La rataneta,C. Soler,33091178
2026-03-26,sold,JMjugon,LALIGA,Colombatto,729419
2026-03-26,purchased,PavelmacuFC,LALIGA,Alaba,723385
2026-03-26,purchased,tete alejo,LALIGA,Dela,1200001
2026-03-26,purchased,JMjugon,LALIGA,Francés,708147
2026-03-26,sold,PavelmacuFC,LALIGA,Ilaix Moriba,778556
2026-03-25,purchased,JMjugon,-papi—,Daley Blind,16728867
2026-03-25,purchased,LILTEAM,Ramonaco FC,Cémert,6825000
2026-03-25,sold,-papi—,LALIGA,Fer Lopez,4101940
2026-03-25,purchased,tete alejo,-papi—,M. Casad6,4054237
2026-03-25,purchased,Ramonaco FC,LALIGA,Arda Giler,149999999
2026-03-25,purchased,PavelmacuFC,LALIGA,Tarrega,1551555
2026-03-25,purchased,tete alejo,LALIGA,Kike Salas,2500001
2026-03-25,purchased,cristian.ayala12,tete alejo,De Galarreta,9110000
2026-03-25,sold,cristian.ayala12,LALIGA,De Frutos,42512052
2026-03-25,sold,cristian.ayala12,LALIGA,Dani Calvo,768721
2026-03-25,sold,-papi—,LALIGA,Ugrinic,781329
2026-03-25,purchased,JMjugon,Ramonaco FC,Victor Mufoz,27000069
2026-03-25,sold,PavelmacuFC,LALIGA,Thomas Partey,803344
2026-03-25,sold,PavelmacuFC,LALIGA,T. Borbas,872888
2026-03-24,sold,LamineTheTuareg,LALIGA,C. Romero,42586064
2026-03-24,purchased,cristian.ayala12,LALIGA,Affengruber,6888888
2026-03-24,purchased,Ramonaco FC,LALIGA,Oblak,19098235
2026-03-24,sold,Ramonaco FC,LALIGA,A. Valles,2411625
2026-03-23,sold,PlatanosVerdes,LALIGA,Pickel,716533
2026-03-23,purchased,Millou912,JMjugon,Oscar Valentin,1000000
2026-03-23,purchased,JMjugon,LALIGA,Echeverri,3526677
2026-03-23,purchased,Ramonaco FC,LALIGA,German V.,41555555
2026-03-23,purchased,Ramonaco FC,LALIGA,Trent,15399999
2026-03-23,sold,Ramonaco FC,LALIGA,Pacha,801087
2026-03-23,sold,Ramonaco FC,LALIGA,Sorloth,19130504
2026-03-22,sold,cristian.ayala12,LALIGA,Fran Pérez,749755
2026-03-22,sold,cristian.ayala12,LALIGA,Nacho Vidal,736784
2026-03-22,purchased,Millou912,LamineTheTuareg,Mendy,1659000
2026-03-22,purchased,Millou912,cristian.ayala12,Arambarri,58042361
2026-03-22,sold,Millou912,LALIGA,Cardona,2506766
2026-03-22,sold,Millou912,LALIGA,Pol Lozano,775331
2026-03-22,sold,Millou912,LALIGA,Darder,14604001
2026-03-22,sold,Millou912,LALIGA,Gaya,793421
2026-03-22,purchased,PavelmacuFC,LALIGA,Brais Méndez,21500000
2026-03-22,sold,cristian.ayala12,LALIGA,Paco Cortes,709436
2026-03-21,purchased,-papi—,LALIGA,Bellerin,4000000
2026-03-21,purchased,Ramonaco FC,LALIGA,Laporte,11999999
2026-03-21,purchased,-papi—,LALIGA,A. Batalla,8000000
2026-03-21,purchased,PlatanosVerdes,La rataneta,Mouriño,18737433
2026-03-21,sold,Ramonaco FC,LALIGA,Marcos Alonso,84696518
2026-03-21,purchased,Millou912,La rataneta,Jon Martin,1600000
2026-03-20,purchased,LamineTheTuareg,cristian.ayala12,Akor,3600000
2026-03-20,purchased,LamineTheTuareg,cristian.ayala12,Torro,1110000
2026-03-20,purchased,LamineTheTuareg,La rataneta,Lemar,18800000
2026-03-20,purchased,-papi—,LALIGA,Fer Lépez,7000000
2026-03-20,purchased,cristian.ayala12,LALIGA,De Frutos,40910688
2026-03-19,sold,PlatanosVerdes,LALIGA,Youssef,704788
2026-03-19,purchased,PlatanosVerdes,LALIGA,R.P. Bigas,1092317
2026-03-19,purchased,tete alejo,LALIGA,Bardghji,800000
2026-03-19,purchased,PlatanosVerdes,LALIGA,A. Pedraza,1012584
2026-03-19,purchased,La rataneta,Millou912,V. Rosier,6299826
2026-03-19,purchased,-papi—,Ramonaco FC,Ugrinic,4000000
2026-03-19,purchased,cristian.ayala12,tete alejo,Gazzaniga,4000000
2026-03-19,purchased,Ramonaco FC,cristian.ayala12,Victor Mufoz,30294286
2026-03-19,purchased,tete alejo,LamineTheTuareg,Dmitrovic,16500000
2026-03-19,purchased,Ramonaco FC,Millou912,El Hilali,1088381
2026-03-19,purchased,La rataneta,Ramonaco FC,Fidalgo,9666668
2026-03-19,purchased,LamineTheTuareg,La rataneta,Hugo Alvarez,1000000
2026-03-19,purchased,-papi—,La rataneta,Aimar,7502223
2026-03-19,purchased,La rataneta,cristian.ayala12,lonut Radu,23200000
2026-03-19,purchased,-papi—,La rataneta,Remiro,9374799
2026-03-19,purchased,LamineTheTuareg,-papi—,Sergio Herrera,9750000
2026-03-19,purchased,JMjugon,-papi—,Sow,7000000
2026-03-18,purchased,Ramonaco FC,La rataneta,Sorloth,17665552
2026-03-18,purchased,LILTEAM,LamineTheTuareg,Gudelj,4000090
2026-03-18,purchased,LILTEAM,-papi—,Urko,2500001
2026-03-18,purchased,LamineTheTuareg,LILTEAM,Sibo,2451585
2026-03-18,sold,LamineTheTuareg,LALIGA,German V.,42979009
2026-03-18,sold,LamineTheTuareg,LALIGA,Wesley,1122195
2026-03-18,purchased,JMjugon,LALIGA,R. Araujo,2500000
2026-03-18,purchased,Ramonaco FC,LALIGA,Muriqi,67777777
2026-03-18,purchased,Ramonaco FC,LALIGA,Juanlu,1515151
2026-03-18,purchased,-papi—,LILTEAM,Marc Bernal,18000000
2026-03-18,purchased,-papi—,PavelmacuFC,I. Romero,3200000
2026-03-18,purchased,Ramonaco FC,La rataneta,Manu Sanchez,1000000
2026-03-18,purchased,Ramonaco FC,La rataneta,Ounahi,20400001
2026-03-17,purchased,PlatanosVerdes,Millou912,Zaid Romero,19679276
2026-03-17,purchased,La Agustineta 96,PlatanosVerdes,Sergio Gomez,30600621
2026-03-17,sold,-papi—,LALIGA,De Frutos,42216247
2026-03-17,purchased,PavelmacuFC,LILTEAM,Witsel,3646455
2026-03-17,purchased,JMjugon,Millou912,Caleta-Car,2000001
2026-03-17,purchased,Ramonaco FC,LALIGA,A. Valles,4555555
2026-03-17,purchased,LamineTheTuareg,LALIGA,C. Romero,50199999
2026-03-17,purchased,JMjugon,LALIGA,Denis Suarez,684778
2026-03-17,purchased,LamineTheTuareg,LALIGA,Kalumba Jr,684026
2026-03-17,sold,Ramonaco FC,LALIGA,Vini Jr.,192220472
2026-03-17,sold,JMjugon,LALIGA,Guruzeta,2456597
2026-03-16,purchased,La Agustineta 96,LILTEAM,Juan Iglesias,1660000
2026-03-16,purchased,PavelmacuFC,JMjugon,B. Iglesias,40124461
2026-03-16,purchased,PlatanosVerdes,LamineTheTuareg,Javi Rodriguez,2000000
2026-03-16,sold,LamineTheTuareg,LALIGA,Herrera,754693
2026-03-16,sold,LamineTheTuareg,LALIGA,Rodriguez,867543
2026-03-16,sold,PlatanosVerdes,LALIGA,Jofre,729178
2026-03-16,purchased,PlatanosVerdes,LALIGA,Pickel,678988
2026-03-16,purchased,PlatanosVerdes,LALIGA,Antonio Sanchez,678519
2026-03-16,purchased,Ramonaco FC,LALIGA,Alex Moreno,1555555
2026-03-15,sold,-papi—,LALIGA,Oblak,20946467
2026-03-15,purchased,LamineTheTuareg,LALIGA,Héctor Fort,719075
2026-03-15,purchased,LamineTheTuareg,LALIGA,Cancelo,38500000
2026-03-15,sold,JMjugon,LALIGA,F. Calero,1548871
2026-03-14,purchased,PlatanosVerdes,Ramonaco FC,Unai Sim6n,10000000
2026-03-14,purchased,PlatanosVerdes,Ramonaco FC,Unai Simon,10000000
2026-03-13,purchased,PlatanosVerdes,LamineTheTuareg,Alvaro Garcia,17000000
2026-03-13,purchased,-papi—,LamineTheTuareg,Sergio Herrera,11000000
2026-03-13,purchased,LamineTheTuareg,LALIGA,Kiko F.,4000000
2026-03-13,purchased,LamineTheTuareg,LALIGA,Gumbau,1800000
2026-03-13,purchased,cristian.ayala12,LALIGA,G. Rodriguez,3555000
2026-03-12,purchased,Millou912,LamineTheTuareg,Satriano,30065076
2026-03-12,purchased,cristian.ayala12,Millou912,Barrenetxea,20592511
2026-03-12,sold,cristian.ayala12,LALIGA,Kounde,45168949
2026-03-12,sold,-papi—,LALIGA,M. Roman,958543
2026-03-12,sold,-papi—,LALIGA,Kike Salas,1551535
2026-03-12,sold,PlatanosVerdes,LALIGA,Chavarria,7978922
2026-03-12,purchased,PlatanosVerdes,JMjugon,Arnau,22152469
2026-03-12,sold,Ramonaco FC,LALIGA,Gorrotxa,2812308
2026-03-12,purchased,La rataneta,La Agustineta 96,C. Soler,33091178
2026-03-12,purchased,La rataneta,PavelmacuFC,Brahim,3000000
2026-03-12,sold,La rataneta,LALIGA,Lejeune,54819768
2026-03-12,purchased,cristian.ayala12,LALIGA,Nacho Vidal,1110000
2026-03-12,purchased,Ramonaco FC,LALIGA,Marcos Alonso,63756469
2026-03-12,purchased,cristian.ayala12,LALIGA,Paco Cortes,1110000
2026-03-12,sold,Ramonaco FC,LALIGA,Guedes,72599378
2026-03-11,sold,Millou912,LALIGA,Raillo,2435323
2026-03-11,purchased,LamineTheTuareg,PlatanosVerdes,Djene,7120163
2026-03-11,purchased,LamineTheTuareg,PavelmacuFC,Gerard Martin,36018931
2026-03-11,purchased,LamineTheTuareg,Millou912,N. Mendy,10000000
2026-03-11,purchased,-papi—,LamineTheTuareg,Daley Blind,13728867
2026-03-11,purchased,-papi—,La Agustineta 96,Mateo Joseph,1250000
2026-03-11,purchased,Millou912,PlatanosVerdes,Darder,25920063
2026-03-11,purchased,cristian.ayala12,PavelmacuFC,Fran Pérez,1000000
2026-03-11,purchased,Ramonaco FC,LALIGA,Vini Jr.,171892491
2026-03-11,purchased,tete alejo,LALIGA,Ferran,69841263
2026-03-11,purchased,Ramonaco FC,LamineTheTuareg,Pacha,1000000
2026-03-11,purchased,cristian.ayala12,La rataneta,Vivian,13250009
2026-03-11,purchased,La Agustineta 96,-papi—,Vanat,9208303
2026-03-11,purchased,PavelmacuFC,JMjugon,Almada,5500000
2026-03-11,sold,La rataneta,LALIGA,Zubeldia,2221666
2026-03-11,sold,La rataneta,LALIGA,Pacheco,691709
2026-03-11,purchased,LILTEAM,Millou912,Sivera,5000000
2026-03-11,purchased,Ramonaco FC,LILTEAM,Dimitrievski,2500000
2026-03-10,sold,Ramonaco FC,LALIGA,A. Pedraza,1187202
2026-03-10,purchased,-papi—,JMjugon,M. Casad6,1054237
2026-03-10,sold,PlatanosVerdes,LALIGA,Kike Barja,707655
2026-03-10,sold,-papi—,LALIGA,A. Valles,2618684
2026-03-10,purchased,JMjugon,LALIGA,S. Cazorla,667904
2026-03-10,purchased,PlatanosVerdes,LALIGA,Jofre,662272
2026-03-10,purchased,Ramonaco FC,LALIGA,Cémert,1025000
2026-03-10,purchased,Ramonaco FC,PavelmacuFC,Pablo Torre,1000000
2026-03-10,purchased,-papi—,tete alejo,Oblak,30000000
2026-03-10,purchased,-papi—,Ramonaco FC,Ridiger,30262188
2026-03-09,sold,Ramonaco FC,LALIGA,Rubén Garcia,20677614
2026-03-09,purchased,JMjugon,LALIGA,Oscar Valentin,900069
2026-03-09,sold,Ramonaco FC,LALIGA,Lookman,72342558
2026-03-08,sold,-papi—,LALIGA,Alex Baena,56488954
2026-03-08,sold,-papi—,LALIGA,Bellerin,3009073
2026-03-08,sold,-papi—,LALIGA,Dela,790170
2026-03-08,purchased,Ramonaco FC,LALIGA,Lewandowski,47100000
2026-03-08,purchased,Millou912,LALIGA,Raillo,2449749
2026-03-08,purchased,Millou912,LamineTheTuareg,Gaya,111111
2026-03-08,sold,-papi—,LALIGA,Bryan Gil,1704569
2026-03-07,sold,PlatanosVerdes,LALIGA,Alex Balde,34867134
2026-03-07,purchased,La rataneta,LALIGA,Lejeune,48017523
2026-03-07,purchased,Millou912,cristian.ayala12,Pol Lozano,1000000
2026-03-06,purchased,Ramonaco FC,cristian.ayala12,Gorrotxa,3200000
2026-03-06,purchased,tete alejo,cristian.ayala12,De Galarreta,9110000
2026-03-06,purchased,cristian.ayala12,La rataneta,Akor,1400000
2026-03-06,purchased,LILTEAM,LALIGA,Fran Beltran,683078
2026-03-06,purchased,PavelmacuFC,LALIGA,Thomas Partey,757027
2026-03-06,purchased,cristian.ayala12,LALIGA,Tchouaméni,78100100
2026-03-06,purchased,Ramonaco FC,LALIGA,Carvajal,3333338
2026-03-06,purchased,La rataneta,cristian.ayala12,Lemar,1800000
2026-03-05,purchased,cristian.ayala12,tete alejo,Arambarri,44862050
2026-03-05,purchased,LILTEAM,La rataneta,Kubo,12869000
2026-03-05,purchased,Millou912,tete alejo,Cardona,6500000
2026-03-05,sold,Millou912,LALIGA,F. Garcés,788194
2026-03-05,purchased,PavelmacuFC,LamineTheTuareg,Roberto,9500000
2026-03-05,purchased,cristian.ayala12,LALIGA,Dani Calvo,657680
2026-03-05,purchased,LamineTheTuareg,LALIGA,Alvaro Garcia,14645651
2026-03-05,purchased,cristian.ayala12,LALIGA,De Galarreta,9110000
2026-03-05,purchased,La rataneta,LALIGA,Zubeldia,2169034
2026-03-05,purchased,JMjugon,LALIGA,Unai Lopez,1660292
2026-03-05,purchased,PavelmacuFC,La Agustineta 96,Jan Virgili,14000000
2026-03-05,purchased,-papi—,Ramonaco FC,Luis Vazquez,7032500
2026-03-05,purchased,Ramonaco FC,Millou912,Ugrinic,1200000
2026-03-05,purchased,Ramonaco FC,-papi—,Kike Garcia,1000000
2026-03-05,purchased,cristian.ayala12,PavelmacuFC,Victor Mufoz,19000000
2026-03-05,purchased,cristian.ayala12,PavelmacuFC,Fran Garcia,1000000
2026-03-05,purchased,PavelmacuFC,JMjugon,Ilaix Moriba,1350069
2026-03-04,purchased,La rataneta,cristian.ayala12,Sorloth,17085893
2026-03-04,purchased,PlatanosVerdes,cristian.ayala12,André Silva,2015905
2026-03-04,purchased,La rataneta,LALIGA,Pacheco,669999
2026-03-04,purchased,LILTEAM,LALIGA,Alexis Sanchez,2385518
2026-03-04,purchased,PlatanosVerdes,LALIGA,Kike Barja,652661
2026-03-04,purchased,PavelmacuFC,LALIGA,Ifaki Peha,1086700
2026-03-04,purchased,La rataneta,LALIGA,Hugo Alvarez,663649
2026-03-04,purchased,Millou912,LALIGA,El Hilali,1088381
2026-03-04,purchased,-papi—,JMjugon,Dela,3000000
2026-03-04,sold,tete alejo,LALIGA,Pepelu,5026686
2026-03-04,sold,tete alejo,LALIGA,Oscar Valentin,633778
2026-03-04,sold,tete alejo,LALIGA,Alvaro Garcia,14544640
2026-03-04,sold,tete alejo,LALIGA,Pickel,713606
2026-03-04,sold,tete alejo,LALIGA,Unai Lopez,1695880
2026-03-04,sold,tete alejo,LALIGA,Pere Milla,11298289
2026-03-04,purchased,tete alejo,LamineTheTuareg,Ratiu,57370407
2026-03-04,purchased,-papi—,Ramonaco FC,Bryan Gil,5100000
2026-03-04,sold,tete alejo,LALIGA,Boyomo,5045493
2026-03-04,sold,Millou912,LALIGA,De Galarreta,8480405
2026-03-04,purchased,-papi—,LILTEAM,Sow,5000000
2026-03-04,purchased,-papi—,tete alejo,Urko,2500001
2026-03-04,purchased,La rataneta,cristian.ayala12,Manu Sanchez,1000000
2026-03-04,purchased,La rataneta,Millou912,Ounahi,20000001
2026-03-04,purchased,La rataneta,Millou912,Mouriño,16537433
2026-03-04,sold,La rataneta,LALIGA,Natan,54023129
2026-03-04,purchased,LamineTheTuareg,-papi—,Gudelj,4000090
2026-03-03,purchased,La Agustineta 96,La rataneta,Alefia,6616450
2026-03-03,purchased,PlatanosVerdes,La Agustineta 96,Sergio Gomez,19100621
2026-03-03,purchased,La Agustineta 96,PlatanosVerdes,Javi Rueda,12500000
2026-03-03,purchased,PavelmacuFC,LALIGA,Navarro,818482
2026-03-03,purchased,Millou912,LALIGA,Caleta-Car,2000001
2026-03-03,purchased,Ramonaco FC,LALIGA,Lookman,72222227
2026-03-03,purchased,LILTEAM,LALIGA,Witsel,3646455
2026-03-03,purchased,cristian.ayala12,LALIGA,Torro,1110000
2026-03-03,sold,cristian.ayala12,LALIGA,Fer Lopez,6546744
2026-03-03,purchased,PavelmacuFC,LamineTheTuareg,Hassan,5500000
2026-03-03,sold,La Agustineta 96,LALIGA,A. Liso,1056311
2026-03-03,sold,cristian.ayala12,LALIGA,Suazo,1157333
2026-03-03,purchased,PavelmacuFC,La Agustineta 96,Vitor Reis,15499251
2026-03-03,purchased,La rataneta,PavelmacuFC,Pepe,45896555
2026-03-03,sold,La rataneta,LALIGA,Joan Garcia,73869123
2026-03-03,purchased,-papi—,La rataneta,Bellerin,5000000
2026-03-03,sold,Millou912,LALIGA,E. Bailly,634687
2026-03-03,sold,Millou912,LALIGA,Paredes,4653748
2026-03-02,purchased,LILTEAM,cristian.ayala12,Juan Iglesias,1660000
2026-03-02,sold,-papi—,LALIGA,Yuri,12739625
2026-03-02,sold,-papi—,LALIGA,Griezmann,13665151
2026-03-02,sold,-papi—,LALIGA,Llorente,1036427
2026-03-02,sold,JMjugon,LALIGA,Oskarsson,663704
2026-03-02,purchased,La rataneta,LALIGA,Lamine Yamal,186047732
2026-03-02,purchased,Ramonaco FC,LALIGA,Fidalgo,6666668
2026-03-02,purchased,PavelmacuFC,LALIGA,Matias Moreno,666420
2026-03-02,sold,La rataneta,LALIGA,Camavinga,47543476
2026-03-01,sold,Ramonaco FC,LALIGA,C. Alvarez,5282621
2026-03-01,sold,Ramonaco FC,LALIGA,Ez Abde,92951523
2026-03-01,purchased,JMjugon,LALIGA,Almada,4599182
2026-03-01,purchased,La Agustineta 96,LALIGA,Domingos Duarte,2000000
2026-03-01,purchased,La rataneta,LALIGA,Jon Martin,702559
2026-03-01,purchased,JMjugon,Ramonaco FC,Marc Roca,2600000
2026-03-01,sold,cristian.ayala12,LALIGA,Oyarzabal,107934518
2026-02-28,sold,La rataneta,LALIGA,Eric,105949920
2026-02-28,purchased,La rataneta,Millou912,Aimar,3702223
2026-02-28,sold,La rataneta,LALIGA,Echeverri,5054482
2026-02-28,purchased,Millou912,Ramonaco FC,Zaid Romero,1107521
2026-02-28,purchased,La rataneta,LALIGA,Kubo,12869869
2026-02-28,purchased,La rataneta,LALIGA,Remiro,4374799
2026-02-28,sold,JMjugon,LALIGA,Alan Matturro,702712
2026-02-28,sold,La rataneta,LALIGA,Almada,4924551
2026-02-28,sold,Ramonaco FC,LALIGA,F. De Jong,87326198
2026-02-27,purchased,LamineTheTuareg,LALIGA,F. Vihias,1800000
2026-02-27,purchased,tete alejo,LALIGA,Pere Milla,12406560
2026-02-27,purchased,Ramonaco FC,LALIGA,Rubén Garcia,22022022
2026-02-26,sold,PlatanosVerdes,LALIGA,Copete,728640
2026-02-26,sold,JMjugon,LALIGA,Peque,655841
2026-02-26,purchased,cristian.ayala12,LALIGA,Kounde,48810000
2026-02-26,purchased,cristian.ayala12,LALIGA,Renato Veiga,9142013
2026-02-26,purchased,PavelmacuFC,LALIGA,Brahim,3000000
2026-02-26,purchased,La rataneta,LALIGA,I. AKhomach,3895889
2026-02-26,sold,Ramonaco FC,LALIGA,Muriqi,58829040
2026-02-26,sold,Ramonaco FC,LALIGA,Lucas Beltran,1393392
2026-02-25,purchased,-papi—,JMjugon,Griezmann,15394421
2026-02-25,purchased,JMjugon,-papi—,T. Martinez,2500000
2026-02-25,sold,-papi—,LALIGA,Laporte,9105063
2026-02-25,sold,-papi—,LALIGA,Witsel,1230855
2026-02-25,purchased,LamineTheTuareg,LALIGA,Pacha,634619
2026-02-25,purchased,La rataneta,LALIGA,Vivian,13250009
2026-02-25,purchased,Millou912,LALIGA,E. Bailly,633974
2026-02-25,purchased,-papi—,LALIGA,Kike Salas,5000000
2026-02-25,sold,La rataneta,LALIGA,Marcos Alonso,58296266
2026-02-25,purchased,-papi—,PlatanosVerdes,Vanat,9208303
2026-02-25,sold,-papi—,LALIGA,Parejo,907953
2026-02-24,purchased,PavelmacuFC,LALIGA,I. Romero,3200000
2026-02-24,purchased,JMjugon,LALIGA,Guruzeta,6700069
2026-02-24,purchased,cristian.ayala12,LALIGA,Fer Lopez,6510000
2026-02-24,purchased,La rataneta,LALIGA,Eric,90753781
2026-02-23,sold,Millou912,LALIGA,Nacho Vidal,599140
2026-02-23,purchased,La rataneta,Millou912,Akor,3000000
2026-02-23,purchased,JMjugon,LALIGA,Peque,800000
2026-02-23,purchased,-papi—,LALIGA,Alex Baena,52000000
2026-02-23,purchased,Ramonaco FC,LALIGA,F. De Jong,82999999
2026-02-23,purchased,cristian.ayala12,LALIGA,Lemar,3710000
2026-02-23,sold,cristian.ayala12,LALIGA,Renato Veiga,9949848
2026-02-23,sold,La rataneta,LALIGA,Obed Vargas,2422126
2026-02-22,sold,Ramonaco FC,LALIGA,Buchanan,14958858
2026-02-22,purchased,LamineTheTuareg,Ramonaco FC,Daley Blind,9328867
2026-02-22,purchased,LamineTheTuareg,LALIGA,Mendy,1659000
2026-02-22,purchased,La rataneta,LALIGA,Camavinga,44489987
2026-02-22,purchased,JMjugon,LALIGA,Pau Navarro,621702
2026-02-22,purchased,JMjugon,LALIGA,M. Casad6,1054237
2026-02-22,sold,-papi—,LALIGA,Léo Pétrot,561044
2026-02-22,sold,LamineTheTuareg,LALIGA,Zubeldia,2698756
2026-02-22,purchased,LamineTheTuareg,La rataneta,Isi,14700000
2026-02-22,purchased,LamineTheTuareg,cristian.ayala12,Gaya,111111
2026-02-22,sold,LamineTheTuareg,LALIGA,Brais Méndez,28611149
2026-02-22,purchased,LILTEAM,LamineTheTuareg,Marc Bernal,4000000
2026-02-21,purchased,Millou912,Ramonaco FC,Rioja,20021712
2026-02-21,sold,Millou912,LALIGA,A. Rahim,649524
2026-02-21,sold,Millou912,LALIGA,Hugo Sotelo,1021483
2026-02-21,purchased,La Agustineta 96,LALIGA,Ibafhez,6000000
2026-02-21,purchased,LamineTheTuareg,LALIGA,Rodriguez,906504
2026-02-21,purchased,Millou912,LALIGA,Ifaki Williams,11000000
2026-02-21,purchased,Ramonaco FC,LALIGA,Lucas Beltran,1735000
2026-02-21,sold,La Agustineta 96,LALIGA,Mendy,784000
2026-02-21,sold,La Agustineta 96,LALIGA,J. Musso,577564
2026-02-21,purchased,Ramonaco FC,LILTEAM,Rudiger,21262188
2026-02-21,sold,Ramonaco FC,LALIGA,Nico Serrano,595169
2026-02-21,sold,Ramonaco FC,LALIGA,Gorosabel,627391
2026-02-20,purchased,-papi—,cristian.ayala12,Yuri,13128078
2026-02-20,purchased,LILTEAM,Millou912,Dimitrievski,2500000
2026-02-20,purchased,LamineTheTuareg,La rataneta,Javi Rodriguez,2213138
2026-02-20,sold,La rataneta,LALIGA,Lewandowski,61723172
2026-02-20,purchased,Millou912,cristian.ayala12,De Galarreta,9427426
2026-02-20,purchased,Millou912,cristian.ayala12,Sivera,3600000
2026-02-20,purchased,Millou912,LamineTheTuareg,N. Mendy,6500000
2026-02-20,purchased,Millou912,tete alejo,Gavi,1000000
2026-02-20,purchased,Ramonaco FC,Millou912,Muriqi,55072063
2026-02-20,purchased,Millou912,LALIGA,Jeremy Toljan,1000001
2026-02-20,purchased,Millou912,LALIGA,Barrenetxea,20592511
2026-02-20,purchased,La Agustineta 96,LALIGA,Mateo Joseph,1250000
2026-02-20,purchased,JMjugon,LALIGA,Alan Matturro,624354
2026-02-20,purchased,cristian.ayala12,LALIGA,Suazo,1550000
2026-02-20,purchased,tete alejo,LALIGA,Oblak,30000000
2026-02-20,sold,cristian.ayala12,LALIGA,Almeida,731116
2026-02-19,sold,LILTEAM,LALIGA,Cancelo,22203918
2026-02-19,sold,-papi—,LALIGA,A. Abqar,639349
2026-02-19,sold,-papi—,LALIGA,Chimy Avila,562359
2026-02-19,purchased,-papi—,JMjugon,M. Roman,1100069
2026-02-19,purchased,tete alejo,-papi—,Alvaro Garcia,22000000
2026-02-19,purchased,tete alejo,Millou912,Arambarri,44862050
2026-02-19,purchased,cristian.ayala12,tete alejo,Pol Lozano,1000000
2026-02-19,purchased,JMjugon,LALIGA,Raul Moro,9300069
2026-02-19,purchased,La rataneta,LALIGA,Obed Vargas,2694485
2026-02-19,purchased,Millou912,LALIGA,Dimitrievski,617763
2026-02-19,purchased,-papi—,LALIGA,Laporte,11000000
2026-02-19,purchased,La Agustineta 96,LALIGA,Aaron,18349452
2026-02-19,sold,cristian.ayala12,LALIGA,Oluwaseyi,708328
2026-02-19,sold,cristian.ayala12,LALIGA,|. Romero,1999452
2026-02-19,sold,cristian.ayala12,LALIGA,Etta Eyong,21713369
2026-02-19,sold,-papi—,LALIGA,Asencio,26047311
2026-02-19,purchased,JMjugon,La rataneta,Starfelt,18699933
2026-02-19,purchased,La Agustineta 96,tete alejo,Jan Virgili,8000000
2026-02-19,purchased,La rataneta,JMjugon,Natan,47345771
2026-02-19,purchased,Ramonaco FC,tete alejo,Guedes,58000000
2026-02-19,purchased,PavelmacuFC,La rataneta,Victor Mufoz,19000000
2026-02-19,purchased,La Agustineta 96,La rataneta,Febas,24645726
2026-02-19,purchased,-papi—,PavelmacuFC,De Frutos,45000999
2026-02-19,purchased,PavelmacuFC,La Agustineta 96,Fran Pérez,1000000
2026-02-19,purchased,-papi—,PavelmacuFC,Witsel,2000000
2026-02-19,sold,PlatanosVerdes,LALIGA,Dendoncker,755733
2026-02-19,purchased,PlatanosVerdes,La Agustineta 96,Darder,21920063
2026-02-19,purchased,cristian.ayala12,Ramonaco FC,Gorrotxa,3200000
2026-02-19,purchased,Ramonaco FC,PlatanosVerdes,Marc Roca,3000000
2026-02-19,purchased,Ramonaco FC,-papi—,Ez Abde,81396262
2026-02-18,sold,-papi—,LALIGA,Carvajal,3687831
2026-02-18,purchased,cristian.ayala12,tete alejo,Sorloth,17085893
2026-02-18,purchased,Ramonaco FC,LALIGA,Bryan Gil,5100000
2026-02-18,purchased,cristian.ayala12,LALIGA,Almeida,685520
2026-02-18,purchased,JMjugon,LALIGA,Oskarsson,618009
2026-02-18,purchased,Ramonaco FC,LALIGA,A. Pedraza,1539175
2026-02-18,purchased,cristian.ayala12,LALIGA,André Silva,2000100
2026-02-18,purchased,La Agustineta 96,LALIGA,Raul,850000
2026-02-18,sold,cristian.ayala12,LALIGA,P. Martinez,715185
2026-02-17,purchased,JMjugon,LALIGA,Dela,785096
2026-02-17,purchased,LamineTheTuareg,LALIGA,Dmitrovic,12500000
2026-02-17,sold,Ramonaco FC,LALIGA,Brahim,3354812
2026-02-17,sold,cristian.ayala12,LALIGA,Juanlu,738396
2026-02-17,sold,cristian.ayala12,LALIGA,Nico Gonzalez,6380110
2026-02-17,purchased,La Agustineta 96,La rataneta,Vitor Reis,15499251
2026-02-17,purchased,La rataneta,La Agustineta 96,Marcos Alonso,51749087
2026-02-16,sold,LILTEAM,LALIGA,Kita,560169
2026-02-16,purchased,-papi—,LALIGA,Léo Pétrot,609219
2026-02-16,sold,PlatanosVerdes,LALIGA,Manu Bueno,550305
2026-02-16,sold,cristian.ayala12,LALIGA,Raul Moro,6864554
2026-02-16,sold,cristian.ayala12,LALIGA,Turrientes,672381
2026-02-16,sold,cristian.ayala12,LALIGA,F. Mastantuono,7355784
2026-02-16,sold,Ramonaco FC,LALIGA,Nico Williams,63744848
2026-02-16,sold,Ramonaco FC,LALIGA,Julian Alvarez,109214101
2026-02-15,sold,LamineTheTuareg,LALIGA,Maffeo,1003553
2026-02-15,sold,LamineTheTuareg,LALIGA,O. Mingueza,5441638
2026-02-15,purchased,cristian.ayala12,LALIGA,Juan Iglesias,1660000
2026-02-15,purchased,LamineTheTuareg,LALIGA,Herrera,1800000
2026-02-15,purchased,tete alejo,LALIGA,Oscar Valentin,2500000
2026-02-15,purchased,cristian.ayala12,LALIGA,Etta Eyong,22220000
2026-02-15,purchased,JMjugon,LALIGA,Ejuke,622778
2026-02-15,purchased,cristian.ayala12,LALIGA,Oyarzabal,97777777
2026-02-15,purchased,Ramonaco FC,LALIGA,Lucas Boyé,3200000
2026-02-15,sold,LILTEAM,LALIGA,German,649642
2026-02-15,sold,LILTEAM,LALIGA,Pablo Garcia,612474
2026-02-14,purchased,La rataneta,tete alejo,Alefia,5216450
2026-02-14,purchased,JMjugon,LALIGA,A. Reina,601089
2026-02-14,purchased,cristian.ayala12,LALIGA,Oluwaseyi,777777
2026-02-14,purchased,Ramonaco FC,LALIGA,Zaid Romero,950041
2026-02-14,purchased,Millou912,LALIGA,Ounahi,10000001
2026-02-14,purchased,Millou912,LALIGA,F. Garcés,2000001
2026-02-13,sold,cristian.ayala12,LALIGA,Valverde,133631252
2026-02-13,sold,Ramonaco FC,LALIGA,Rashford,48187028
2026-02-13,sold,La rataneta,LALIGA,Edu Expdsito,79545063
2026-02-13,purchased,LILTEAM,LALIGA,David Costas,650350
2026-02-13,purchased,tete alejo,LALIGA,Cardona,6500000
2026-02-13,purchased,tete alejo,LALIGA,Urko,2500001
2026-02-13,sold,cristian.ayala12,LALIGA,Iker Mufoz,656904
2026-02-13,sold,PlatanosVerdes,LALIGA,El Hilali,1518287
2026-02-13,purchased,PavelmacuFC,Millou912,Leo Roman,4000000
2026-02-12,sold,La Agustineta 96,LALIGA,Denis Suarez,601794
2026-02-12,sold,La Agustineta 96,LALIGA,Guevara,605098
2026-02-12,purchased,Millou912,tete alejo,Mouriño,16537433
2026-02-12,purchased,Millou912,Ramonaco FC,Mikautadze,40250253
2026-02-12,purchased,-papi—,LALIGA,Kike Garcia,628953
2026-02-12,purchased,PlatanosVerdes,LALIGA,Javi Rueda,3500000
2026-02-12,purchased,LILTEAM,LALIGA,Sow,852148
2026-02-12,purchased,Ramonaco FC,LALIGA,Nico Williams,61100000
2026-02-12,purchased,Millou912,LALIGA,Aimar,3702223
2026-02-12,purchased,-papi—,LALIGA,Llorente,2500000
2026-02-12,purchased,-papi—,Millou912,A. Abqar,1000000
2026-02-12,purchased,LILTEAM,Ramonaco FC,Aramburu,4000000
2026-02-11,purchased,tete alejo,PavelmacuFC,Gazzaniga,4000000
2026-02-11,purchased,Millou912,tete alejo,Leo Roman,3176140
2026-02-11,purchased,-papi—,LILTEAM,Gudelj,4000090
2026-02-11,purchased,-papi—,LamineTheTuareg,Parejo,5109000
2026-02-11,purchased,Millou912,-papi—,Ugrinic,1200000
2026-02-11,sold,Millou912,LALIGA,Vini Jr.,124154664
2026-02-11,purchased,La Agustineta 96,-papi—,C. Soler,19491178
2026-02-11,sold,La Agustineta 96,LALIGA,Rafa Marin,8887917
2026-02-11,sold,La Agustineta 96,LALIGA,R. Mendoza,943681
2026-02-11,sold,La Agustineta 96,LALIGA,Vivian,9904177
2026-02-11,purchased,PavelmacuFC,LALIGA,David Carmo,758530
2026-02-11,purchased,Ramonaco FC,LALIGA,Rashford,45415417
2026-02-11,purchased,Ramonaco FC,LALIGA,Buchanan,14321000
2026-02-11,purchased,-papi—,LALIGA,T. Martinez,2500000
2026-02-11,sold,Ramonaco FC,LALIGA,Gerard,55435602
2026-02-11,sold,cristian.ayala12,LALIGA,Pedro Diaz,619955
2026-02-11,sold,cristian.ayala12,LALIGA,Cardona,4908633
2026-02-11,purchased,-papi—,La Agustineta 96,Carvajal,3961074
2026-02-11,sold,-papi—,LALIGA,Ruggeri,3398270
2026-02-10,purchased,Millou912,LALIGA,Vini Jr.,118836312
2026-02-10,purchased,LILTEAM,LALIGA,Folgado,595415
2026-02-10,purchased,Ramonaco FC,LALIGA,Gorosabel,602187
2026-02-10,sold,LamineTheTuareg,LALIGA,Suazo,1574446
2026-02-10,purchased,PlatanosVerdes,Millou912,Djene,6120163
2026-02-10,purchased,La Agustineta 96,PavelmacuFC,Carreira,2600000
2026-02-10,purchased,La Agustineta 96,PlatanosVerdes,Valjent,5313788
2026-02-09,purchased,PlatanosVerdes,La rataneta,Vanat,5208303
2026-02-09,sold,-papi—,LALIGA,Altimira,1004604
2026-02-09,sold,-papi—,LALIGA,Alaba,593498
2026-02-09,purchased,LILTEAM,La Agustineta 96,Alvaro,8000000
2026-02-09,purchased,LILTEAM,-papi—,Herrando,1000000
2026-02-09,purchased,Ramonaco FC,La rataneta,Gorrotxa,2809975
2026-02-09,purchased,Millou912,LamineTheTuareg,Akor,3000000
2026-02-09,purchased,Millou912,LALIGA,A. Rahim,700001
2026-02-09,purchased,La rataneta,LALIGA,Lewandowski,52624499
2026-02-09,purchased,cristian.ayala12,LALIGA,Manu Sanchez,777777
2026-02-09,purchased,PavelmacuFC,LALIGA,Williot,955242
2026-02-09,purchased,Ramonaco FC,LALIGA,Unai Simon,14321000
2026-02-09,sold,Ramonaco FC,LALIGA,Rubén Garcia,17368375
2026-02-09,sold,JMjugon,LALIGA,Joel Roca,640990
2026-02-09,sold,Ramonaco FC,LALIGA,Pedrosa,631000
2026-02-08,sold,LILTEAM,LALIGA,Affengruber,15855377
2026-02-08,sold,La Agustineta 96,LALIGA,Asprilla,681187
2026-02-08,purchased,Millou912,LALIGA,Paredes,6000001
2026-02-08,purchased,JMjugon,LALIGA,Fraga,598089
2026-02-08,purchased,Ramonaco FC,LALIGA,Nico Serrano,593981
2026-02-08,purchased,Ramonaco FC,LALIGA,Daley Blind,3131313
2026-02-07,purchased,PavelmacuFC,LALIGA,Fran Garcia,620869
2026-02-07,purchased,La rataneta,LALIGA,Luiz Felipe,603863
2026-02-07,purchased,cristian.ayala12,LALIGA,Gaya,111111
2026-02-07,purchased,PavelmacuFC,LALIGA,Pablo Torre,757603
2026-02-07,sold,LamineTheTuareg,LALIGA,Valentin GOGmez,1268935
2026-02-07,sold,LamineTheTuareg,LALIGA,Lunin,652478
2026-02-06,purchased,Millou912,Ramonaco FC,Junior R.,25252525
2026-02-06,purchased,cristian.ayala12,Millou912,Sivera,3600000
2026-02-06,purchased,cristian.ayala12,-papi—,I. Romero,4000000
2026-02-06,purchased,cristian.ayala12,LALIGA,Iker Mufhoz,1000000
2026-02-06,purchased,cristian.ayala12,LALIGA,P. Martinez,1202000
2026-02-06,purchased,Millou912,LALIGA,Muriqi,51000000
2026-02-06,purchased,PlatanosVerdes,LALIGA,Copete,1000000
2026-02-06,purchased,La Agustineta 96,LALIGA,J. Musso,591266
2026-02-05,sold,LILTEAM,LALIGA,Aimar,4039785
2026-02-05,purchased,PlatanosVerdes,Millou912,Martim Neto,13918366
2026-02-05,purchased,La rataneta,LILTEAM,Javi Rodriguez,2213138
2026-02-05,purchased,-papi—,PlatanosVerdes,Alvaro Garcia,22000000
2026-02-05,sold,Ramonaco FC,LALIGA,Alex Moreno,1974725
2026-02-05,purchased,Ramonaco FC,LALIGA,Pedrosa,593257
2026-02-05,purchased,PavelmacuFC,LALIGA,K. Tunde,635088
2026-02-05,purchased,-papi—,LALIGA,Ruggeri,6000000
2026-02-05,purchased,Ramonaco FC,Millou912,Julian Alvarez,106044848
2026-02-05,purchased,tete alejo,Ramonaco FC,Guedes,39000000
2026-02-05,purchased,tete alejo,Ramonaco FC,Jan Virgili,8000000
2026-02-05,purchased,PlatanosVerdes,La rataneta,Hugo Duro,5000000
2026-02-05,purchased,PlatanosVerdes,La rataneta,Marc Roca,3000000
2026-02-04,sold,-papi—,LALIGA,lago Aspas,3137349
2026-02-04,purchased,-papi—,tete alejo,Chimy Avila,1000000
2026-02-04,purchased,PlatanosVerdes,LALIGA,Alex Balde,48000000
2026-02-04,purchased,LamineTheTuareg,LALIGA,Wesley,4000000
2026-02-03,sold,JMjugon,LALIGA,Diego Lopez,2575040
2026-02-03,purchased,Ramonaco FC,PavelmacuFC,Brahim,3181533
2026-02-03,purchased,Ramonaco FC,PlatanosVerdes,Gerard,55181368
2026-02-03,purchased,JMjugon,LALIGA,Griezmann,15394421
2026-02-03,purchased,LILTEAM,LALIGA,Mbappé,160000000
2026-02-03,purchased,LamineTheTuareg,LALIGA,Maffeo,2100000
2026-02-03,purchased,PlatanosVerdes,LALIGA,Manu Bueno,595414
2026-02-03,purchased,PlatanosVerdes,LALIGA,Youssef,700000
2026-02-03,purchased,La rataneta,LILTEAM,Isi,12000000
2026-02-03,purchased,La rataneta,LILTEAM,Victor Mufoz,17000000
2026-02-03,sold,LILTEAM,LALIGA,Arda Guler,102761831
2026-02-03,sold,La rataneta,LALIGA,Huijsen,65855904
2026-02-02,sold,LILTEAM,LALIGA,Carmona,4898396
2026-02-02,sold,-papi—,LALIGA,A. Rebbach,610240
2026-02-02,sold,-papi—,LALIGA,Gonzalo,3006705
2026-02-02,purchased,cristian.ayala12,LALIGA,lonut Radu,23200000
2026-02-02,purchased,cristian.ayala12,LALIGA,Juanlu,1810000
2026-02-02,purchased,La rataneta,LALIGA,Edu Expésito,74023388
2026-02-02,purchased,cristian.ayala12,LALIGA,Yuri,12110000
2026-02-02,purchased,-papi—,LALIGA,Alaba,2500000
2026-02-02,sold,Ramonaco FC,LALIGA,Carlos Martin,624293
2026-02-02,sold,La rataneta,LALIGA,J. M. Giménez,5565994
2026-02-02,purchased,-papi—,La rataneta,A. Valles,6700000
2026-02-02,sold,cristian.ayala12,LALIGA,Ounahi,6520782
2026-02-02,sold,cristian.ayala12,LALIGA,O. Sancet,9702575
2026-02-02,sold,cristian.ayala12,LALIGA,Vargas,11227843
2026-02-02,sold,PlatanosVerdes,LALIGA,Thomas Partey,1000654
2026-02-01,purchased,La rataneta,JMjugon,Starfelt,18699933
2026-02-01,purchased,PavelmacuFC,La rataneta,Witsel,2000000
2026-02-01,sold,JMjugon,LALIGA,Bryan,5777251
2026-02-01,purchased,LamineTheTuareg,-papi—,Sergio Herrera,16000000
2026-02-01,purchased,tete alejo,LALIGA,Pickel,596759
2026-02-01,purchased,LILTEAM,LALIGA,Cancelo,36424254
2026-02-01,purchased,JMjugon,LALIGA,M. Roman,1100069
2026-02-01,purchased,LILTEAM,LALIGA,Rudiger,15762188
2026-01-31,sold,PlatanosVerdes,LALIGA,Raillo,4247770
2026-01-31,sold,JMjugon,LALIGA,Adama,569273
2026-01-31,purchased,JMjugon,LALIGA,Colombatto,1500069
2026-01-31,purchased,LILTEAM,LALIGA,Mascarell,154548
2026-01-31,purchased,LILTEAM,LALIGA,Ilyas,3245548
2026-01-31,sold,cristian.ayala12,LALIGA,Laporte,8238777
2026-01-31,sold,cristian.ayala12,LALIGA,Orejuela,546445
2026-01-31,sold,cristian.ayala12,LALIGA,Agirrezabala,4459703
2026-01-31,purchased,JMjugon,LamineTheTuareg,Ilaix Moriba,1550069
2026-01-31,purchased,tete alejo,La rataneta,Alena,5216450
2026-01-31,purchased,tete alejo,JMjugon,Blanco,7748555
2026-01-30,purchased,LamineTheTuareg,LILTEAM,Roberto,19303140
2026-01-30,sold,JMjugon,LALIGA,Y. Santiago,607896
2026-01-30,purchased,cristian.ayala12,Ramonaco FC,Valverde,113368973
2026-01-30,purchased,La rataneta,cristian.ayala12,Echeverri,8500000
2026-01-30,sold,cristian.ayala12,LALIGA,Trent,8809997
2026-01-30,purchased,cristian.ayala12,LALIGA,Turrientes,703000
2026-01-30,purchased,cristian.ayala12,LALIGA,Pedro Diaz,880000
2026-01-30,purchased,Ramonaco FC,LALIGA,Luis Vazquez,1832500
2026-01-29,purchased,LILTEAM,LALIGA,Pablo Garcia,604562
2026-01-29,purchased,La Agustineta 96,LALIGA,Marcos Alonso,40000001
2026-01-29,purchased,LamineTheTuareg,LALIGA,N. Mendy,6500000
2026-01-29,purchased,La Agustineta 96,LALIGA,R. Mendoza,783380
2026-01-29,purchased,PlatanosVerdes,LALIGA,R. Terrats,2000000
2026-01-29,purchased,La rataneta,Millou912,Vitor Reis,14299251
2026-01-29,purchased,LamineTheTuareg,La rataneta,Marc Bernal,1500000
2026-01-29,sold,PavelmacuFC,LALIGA,Mestre,580523
2026-01-29,sold,PavelmacuFC,LALIGA,J. Vertrouwd,549747
2026-01-29,sold,PavelmacuFC,LALIGA,Guille Fernandez,618128
2026-01-29,sold,PavelmacuFC,LALIGA,Tommy Marqués,547580
2026-01-29,purchased,LamineTheTuareg,-papi—,O. Mingueza,8246196
2026-01-28,sold,Millou912,LALIGA,Szczesny,1095340
2026-01-28,purchased,JMjugon,Millou912,Bryan,16396121
2026-01-28,purchased,Millou912,PavelmacuFC,Jonny Otto,4564131
2026-01-28,purchased,Millou912,JMjugon,Agoumé,10310771
2026-01-28,purchased,Millou912,La rataneta,Budimir,35043925
2026-01-28,purchased,Millou912,tete alejo,Gueye,18950475
2026-01-28,purchased,-papi—,LamineTheTuareg,Pau Cubarsi,64500000
2026-01-28,purchased,-papi—,tete alejo,C. Soler,16491178
2026-01-28,purchased,-papi—,Millou912,Ez Abde,61596262
2026-01-28,purchased,LILTEAM,La rataneta,Victor Mufoz,18086695
2026-01-28,purchased,LILTEAM,-papi—,Arda Giuler,102932770
2026-01-28,purchased,La Agustineta 96,LALIGA,Fran Pérez,850001
2026-01-27,sold,LamineTheTuareg,LALIGA,Javi Mufoz,644680
2026-01-27,purchased,LamineTheTuareg,PlatanosVerdes,Ilaix Moriba,1836948
2026-01-27,purchased,LamineTheTuareg,Millou912,Valentin Gomez,2728345
2026-01-27,sold,LILTEAM,LALIGA,Antony,116209495
2026-01-27,sold,-papi—,LALIGA,Carlos V.,10458503
2026-01-27,purchased,tete alejo,LALIGA,Gavi,800001
2026-01-27,purchased,LamineTheTuareg,LALIGA,Lunin,596984
2026-01-27,purchased,tete alejo,LALIGA,Pol Lozano,700001
2026-01-27,purchased,LILTEAM,LALIGA,Sibo,2451585
2026-01-27,purchased,-papi—,LALIGA,Ugrinic,1200000
2026-01-27,purchased,LILTEAM,LALIGA,German,591072
2026-01-27,purchased,-papi—,PavelmacuFC,Altimira,2280681
2026-01-27,purchased,Ramonaco FC,-papi—,Guedes,34510928
2026-01-27,purchased,LILTEAM,Ramonaco FC,Isi,15424238
2026-01-27,purchased,-papi—,Ramonaco FC,lago Aspas,5500000
2026-01-27,purchased,JMjugon,PavelmacuFC,F. Calero,4606840
2026-01-26,purchased,Millou912,LamineTheTuareg,Djene,6120163
2026-01-26,purchased,-papi—,LILTEAM,Carlos V.,15495043
2026-01-26,purchased,PavelmacuFC,JMjugon,Gazzaniga,2000000
2026-01-26,purchased,tete alejo,LamineTheTuareg,Leo Roman,3176140
2026-01-26,purchased,PlatanosVerdes,tete alejo,Vlachodimos,14026315
2026-01-26,purchased,JMjugon,PlatanosVerdes,Ryan,2890778
2026-01-26,purchased,La rataneta,PlatanosVerdes,Marc Roca,2170173
2026-01-26,purchased,La rataneta,PlatanosVerdes,Vanat,4279430
2026-01-26,purchased,La Agustineta 96,La rataneta,Sergio Gdmez,11200621
2026-01-26,purchased,La rataneta,Millou912,Gorrotxa,2809975
2026-01-26,sold,LamineTheTuareg,LALIGA,Dolan,4689302
2026-01-26,sold,Millou912,LALIGA,Camavinga,25186525
2026-01-26,purchased,tete alejo,-papi—,Pepelu,14425603
2026-01-26,sold,-papi—,LALIGA,Molina,1118262
2026-01-26,purchased,La rataneta,LILTEAM,A. Valles,5398636
2026-01-26,purchased,tete alejo,Ramonaco FC,Sorloth,17085893
2026-01-26,purchased,La Agustineta 96,LILTEAM,Darder,16920063
2026-01-26,purchased,Ramonaco FC,tete alejo,Mikautadze,24250253
2026-01-26,purchased,Ramonaco FC,LILTEAM,Rubén Garcia,15401646
2026-01-26,purchased,LamineTheTuareg,LALIGA,Akor,3000000
2026-01-26,purchased,La Agustineta 96,LALIGA,Moncayola,8000001
2026-01-26,purchased,La Agustineta 96,LALIGA,Asprilla,1000001
2026-01-26,purchased,La rataneta,LALIGA,J. M. Giménez,5011453
2026-01-26,purchased,-papi—,La rataneta,Herrando,750000
2026-01-26,sold,Ramonaco FC,LALIGA,O. Sancet,11348668
2026-01-26,purchased,-papi—,Ramonaco FC,Asencio,16500000
2026-01-25,sold,La Agustineta 96,LALIGA,Griezmann,18814271
2026-01-25,sold,-papi—,LALIGA,Renato Veiga,10620038
2026-01-25,sold,LamineTheTuareg,LALIGA,Ayoze,20182430
2026-01-25,sold,JMjugon,LALIGA,Foyth,9735286
2026-01-25,sold,-papi—,LALIGA,Buchanan,15417172
2026-01-25,sold,-papi—,LALIGA,Cardona,6854011
2026-01-25,purchased,-papi—,LALIGA,A. Rebbach,1000001
2026-01-25,purchased,Ramonaco FC,LALIGA,Alex Moreno,4621000
2026-01-25,purchased,PavelmacuFC,LALIGA,De Frutos,45000999
2026-01-25,purchased,Ramonaco FC,LALIGA,Carlos Martin,590125
2026-01-25,sold,Ramonaco FC,LALIGA,Ounahi,7556452
2026-01-25,sold,Ramonaco FC,LALIGA,Kiko F.,944231
2026-01-24,purchased,LamineTheTuareg,LALIGA,Satriano,9500000
2026-01-23,sold,La rataneta,LALIGA,Vilaplana,645277
2026-01-23,purchased,Millou912,La rataneta,Sivera,3600000
2026-01-23,purchased,Ramonaco FC,PavelmacuFC,Aramburu,2000000
2026-01-23,sold,La Agustineta 96,LALIGA,Lo Celso,33350196
2026-01-23,purchased,La Agustineta 96,PlatanosVerdes,Alvaro,5000000
2026-01-23,sold,JMjugon,LALIGA,Salinas,597537
2026-01-23,purchased,PavelmacuFC,LALIGA,Hancko,40000000
2026-01-23,purchased,-papi—,LALIGA,Molina,2000000
2026-01-23,purchased,Ramonaco FC,LALIGA,lago Aspas,8312000
2026-01-23,purchased,La Agustineta 96,LALIGA,Guevara,750000
2026-01-23,purchased,La Agustineta 96,LALIGA,Denis Suarez,1100000
2026-01-23,purchased,JMjugon,LALIGA,Natan,47345771
2026-01-23,purchased,-papi—,Millou912,I. Romero,4000000
2026-01-23,sold,Ramonaco FC,LALIGA,Adrian Molina,570018
2026-01-23,sold,Ramonaco FC,LALIGA,De Galarreta,6999964
2026-01-22,sold,JMjugon,LALIGA,Trejo,599367
2026-01-22,sold,JMjugon,LALIGA,Alvaro Garcia,619818
2026-01-22,purchased,JMjugon,LALIGA,Joel Roca,607179
2026-01-22,purchased,Ramonaco FC,LALIGA,O. Sancet,13415000
2026-01-22,purchased,JMjugon,LALIGA,Arnau,3152469
2026-01-21,sold,LILTEAM,LALIGA,Paredes,7003567
2026-01-21,sold,JMjugon,LALIGA,Amrabat,2966804
2026-01-21,purchased,Millou912,LALIGA,Julian Alvarez,96448070
2026-01-21,purchased,tete alejo,LALIGA,Chimy Avila,598663
2026-01-21,purchased,JMjugon,LALIGA,M. Aguado,2500069
2026-01-21,purchased,La rataneta,LALIGA,Huijsen,50186213
2026-01-20,purchased,JMjugon,LamineTheTuareg,Koke,27000069
2026-01-20,sold,JMjugon,LALIGA,Alvaro Nufiez,24555404
2026-01-20,sold,LamineTheTuareg,LALIGA,Alexis Sanchez,2056625
2026-01-20,purchased,JMjugon,LALIGA,Salinas,593663
2026-01-20,purchased,JMjugon,LALIGA,Adama,592403
2026-01-20,purchased,LamineTheTuareg,LALIGA,Ratiu,38770407
2026-01-20,purchased,JMjugon,LALIGA,Trejo,599327
2026-01-20,purchased,LILTEAM,LALIGA,Javi Rodriguez,2213138
2026-01-20,purchased,PlatanosVerdes,LALIGA,Gerard,45181368
2026-01-20,purchased,JMjugon,LALIGA,Y. Santiago,591912
2026-01-20,purchased,JMjugon,LALIGA,Alvaro Garcia,581988
2026-01-19,purchased,-papi—,JMjugon,Renato Veiga,12606779
2026-01-19,sold,-papi—,LALIGA,Remiro,5328897
2026-01-19,sold,-papi—,LALIGA,Areso,3839191
2026-01-19,sold,-papi—,LALIGA,IAaki Williams,8639987
2026-01-19,sold,-papi—,LALIGA,lago Aspas,4060950
2026-01-19,sold,-papi—,LALIGA,A. Batalla,11375056
2026-01-19,sold,-papi—,LALIGA,Stuani,589292
2026-01-19,sold,La rataneta,LALIGA,N. Mendy,5200545
2026-01-19,purchased,Millou912,LALIGA,A. Abqar,824667
2026-01-18,purchased,PlatanosVerdes,La rataneta,Alvaro Garcia,22000000
2026-01-18,sold,JMjugon,LALIGA,O. Sancet,12533245
2026-01-18,sold,LamineTheTuareg,LALIGA,Fonseca,1237636
2026-01-18,purchased,-papi—,LALIGA,Sergio Herrera,16000000
2026-01-18,purchased,JMjugon,LALIGA,Aitor Ruibal,3500069
2026-01-18,purchased,PavelmacuFC,LALIGA,Carreira,2600000
2026-01-18,purchased,LamineTheTuareg,LALIGA,German V.,48500999
2026-01-18,purchased,-papi—,LALIGA,A. Batalla,17000000
2026-01-18,purchased,La rataneta,LALIGA,Joan Garcia,68963339
2026-01-18,purchased,PavelmacuFC,LALIGA,Aramburu,2000100
2026-01-18,purchased,PlatanosVerdes,Ramonaco FC,Raillo,5714199
2026-01-18,sold,LILTEAM,LALIGA,Tarrega,6146039
2026-01-17,sold,Millou912,LALIGA,Pere Milla,24800308
2026-01-17,sold,Millou912,LALIGA,Trent,12340460
2026-01-17,sold,PlatanosVerdes,LALIGA,J. Bonar,566413
2026-01-17,sold,LamineTheTuareg,LALIGA,Mikel,551446
2026-01-17,sold,JMjugon,LALIGA,Ruggeri,3041331
2026-01-17,sold,JMjugon,LALIGA,Montes,468287
2026-01-17,sold,-papi—,LALIGA,Javi Rueda,3163299
2026-01-17,sold,-papi—,LALIGA,R. Araujo,3830807
2026-01-17,purchased,La rataneta,LALIGA,Herrando,612331
2026-01-17,purchased,LamineTheTuareg,LALIGA,Hassan,1500000
2026-01-17,purchased,LamineTheTuareg,LALIGA,Parejo,2109000
2026-01-16,sold,La rataneta,LALIGA,Orejuela,509111
2026-01-16,sold,Ramonaco FC,LALIGA,Le Normand,11637675
2026-01-16,purchased,JMjugon,LALIGA,Alvaro Nufiez,37000069
2026-01-16,purchased,Ramonaco FC,LALIGA,Valverde,96235000
2026-01-16,purchased,JMjugon,LALIGA,Cabrera,37000069
2026-01-16,purchased,Millou912,LALIGA,Nacho Vidal,602757
2026-01-16,purchased,Ramonaco FC,LALIGA,Junior R.,25252525
2026-01-16,purchased,Ramonaco FC,LALIGA,Javi Galan,6502000
2026-01-16,purchased,PavelmacuFC,LALIGA,Moi Gomez,908420
2026-01-16,sold,JMjugon,LALIGA,B. Mayoral,3093609
2026-01-15,purchased,-papi—,Ramonaco FC,Cardona,14000000
2026-01-15,purchased,-papi—,La Agustineta 96,Ifaki Williams,10100000
2026-01-15,purchased,LamineTheTuareg,LALIGA,Javi Mufoz,1000000
2026-01-15,purchased,PavelmacuFC,LALIGA,Odriozola,650000
2026-01-15,purchased,LILTEAM,LALIGA,Calebe,1000001
2026-01-15,sold,La Agustineta 96,LALIGA,Santos,554160
2026-01-15,sold,La Agustineta 96,LALIGA,M. Casad6,1439014
2026-01-15,sold,LamineTheTuareg,LALIGA,Conor Gallagher,1016290
2026-01-15,sold,LILTEAM,LALIGA,F. Mastantuono,5422240
2026-01-14,sold,LILTEAM,LALIGA,Nico Gonzalez,10454645
2026-01-14,purchased,-papi—,La rataneta,R. Araujo,7000000
2026-01-14,sold,-papi—,LALIGA,André Silva,3571364
2026-01-14,sold,-papi—,LALIGA,Riquelme,2451210
2026-01-14,purchased,-papi—,LamineTheTuareg,Gonzalo,7000000
2026-01-14,sold,LamineTheTuareg,LALIGA,Pablo Torre,1108646
2026-01-14,sold,Ramonaco FC,LALIGA,Agirrezabala,7218709
2026-01-14,purchased,-papi—,LALIGA,Stuani,1000000
2026-01-14,purchased,LamineTheTuareg,LALIGA,Pau Cubarsi,45500000
2026-01-14,purchased,Millou912,LALIGA,Ez Abde,38000001
2026-01-14,purchased,LILTEAM,LALIGA,Antony,105442850
2026-01-14,purchased,-papi—,LALIGA,Arda Giler,73000000
2026-01-14,purchased,Ramonaco FC,LALIGA,Adrian Molina,585794
2026-01-14,sold,Ramonaco FC,LALIGA,J. M. Giménez,6463539
2026-01-14,sold,La Agustineta 96,LALIGA,Johnny,1356393
2026-01-14,sold,La Agustineta 96,LALIGA,Pau Lopez,1217164
2026-01-14,sold,La Agustineta 96,LALIGA,R.P. Bigas,3296123
2026-01-14,sold,Ramonaco FC,LALIGA,Moncayola,6325925
2026-01-14,sold,JMjugon,LALIGA,Isco,20284315
2026-01-13,sold,LILTEAM,LALIGA,Yuri,10065359
2026-01-13,sold,LILTEAM,LALIGA,Puado,5542618
2026-01-13,sold,-papi—,LALIGA,D. Martinez,503413
2026-01-13,sold,-papi—,LALIGA,Vargas,18236496
2026-01-13,sold,-papi—,LALIGA,Laporte,11400818
2026-01-13,sold,LamineTheTuareg,LALIGA,Iker Mufoz,522889
2026-01-13,purchased,LILTEAM,LALIGA,Affengruber,22548480
2026-01-13,purchased,La Agustineta 96,LALIGA,Giuliano,57000999
2026-01-13,purchased,LamineTheTuareg,LALIGA,Dolan,6500000
2026-01-13,purchased,La rataneta,LALIGA,Vilaplana,584831
2026-01-13,purchased,La Agustineta 96,LALIGA,David Soria,15000000
2026-01-13,purchased,La rataneta,LALIGA,Marc Bernal,710000
2026-01-13,purchased,Ramonaco FC,LALIGA,Kiko F.,1251000
2026-01-13,purchased,LILTEAM,LALIGA,Gudelj,680984
